Channels,PIR,Run,Seed,Avg_IP_Throughput_flits_cycle_IP,Global_Avg_Delay_cycles,Total_Energy_J
1,0.001,1,0,0.0112661,206.656,0.000309224
1,0.001,2,100,0.0113815,179.871,0.000309238
1,0.001,3,200,0.0113672,151.663,0.000309218
1,0.001,4,300,0.0120694,137.765,0.000309278
1,0.001,5,400,0.0121502,201.772,0.00030929
1,0.001,6,500,0.0118433,172.556,0.000309266
1,0.001,7,600,0.0115026,149.056,0.000309248
1,0.001,8,700,0.0116137,208.022,0.000309269
1,0.001,9,800,0.011714,151.128,0.000309247
1,0.001,10,900,0.0122209,193.282,0.000309314
1,0.002,1,0,0.0153212,725.839,0.000309845
1,0.002,2,100,0.0148498,674.928,0.000309793
1,0.002,3,200,0.0147626,735.963,0.000309801
1,0.002,4,300,0.0152886,706.897,0.000309855
1,0.002,5,400,0.0148767,774.434,0.000309856
1,0.002,6,500,0.0154062,779.249,0.000309864
1,0.002,7,600,0.0156363,690.573,0.000309891
1,0.002,8,700,0.0147257,804.307,0.000309876
1,0.002,9,800,0.0148481,702.306,0.000309818
1,0.002,10,900,0.0144258,924.072,0.000309826
1,0.003,1,0,0.01375,1461.37,0.000309945
1,0.003,2,100,0.0135712,1245.47,0.000309911
1,0.003,3,200,0.0153437,1135.5,0.000310053
1,0.003,4,300,0.0145069,1269.15,0.000310027
1,0.003,5,400,0.0141936,1355.78,0.000309982
1,0.003,6,500,0.0136784,1346.7,0.000309943
1,0.003,7,600,0.0152135,1353.22,0.000310072
1,0.003,8,700,0.0147812,1154.99,0.000310047
1,0.003,9,800,0.0155234,1234.69,0.000310062
1,0.003,10,900,0.0138698,1246.93,0.000309975
1,0.004,1,0,0.0123932,1836.93,0.000309918
1,0.004,2,100,0.0130803,1805.58,0.000309987
1,0.004,3,200,0.0142322,1757.52,0.000310082
1,0.004,4,300,0.0143247,1788.05,0.000310128
1,0.004,5,400,0.0126354,1954.69,0.000309964
1,0.004,6,500,0.0132296,1834.91,0.000309996
1,0.004,7,600,0.0128424,1798.11,0.000309963
1,0.004,8,700,0.0117921,1845.27,0.000309919
1,0.004,9,800,0.0133229,1626.89,0.000310006
1,0.004,10,900,0.012947,1816.99,0.000310019
1,0.005,1,0,0.0125247,2009.23,0.000310044
1,0.005,2,100,0.012378,2198.25,0.000310005
1,0.005,3,200,0.0137478,2175.73,0.00031009
1,0.005,4,300,0.0129926,2218.87,0.000310116
1,0.005,5,400,0.0120924,2164.85,0.000310006
1,0.005,6,500,0.0117383,2081.53,0.000309949
1,0.005,7,600,0.0129358,2196.67,0.00031012
1,0.005,8,700,0.0118494,2160.36,0.000310013
1,0.005,9,800,0.0120074,2397.17,0.000309989
1,0.005,10,900,0.0130004,2299.78,0.000310109
1,0.006,1,0,0.0121667,2383.22,0.000310073
1,0.006,2,100,0.0110977,2564.72,0.00031004
1,0.006,3,200,0.0124102,2650.97,0.000310109
1,0.006,4,300,0.0118403,2534.8,0.000310121
1,0.006,5,400,0.0113086,2521.28,0.000310037
1,0.006,6,500,0.0121267,2593.72,0.000310076
1,0.006,7,600,0.0125,2338.86,0.000310163
1,0.006,8,700,0.0115074,2715.94,0.000310054
1,0.006,9,800,0.0113086,2315.15,0.00031002
1,0.006,10,900,0.0126059,2620.38,0.000310167
1,0.007,1,0,0.0112092,3130.19,0.00031005
1,0.007,2,100,0.0110677,2822.09,0.000310004
1,0.007,3,200,0.0111671,3158.56,0.000310075
1,0.007,4,300,0.0126298,3012.61,0.000310237
1,0.007,5,400,0.0111688,2867.49,0.000310035
1,0.007,6,500,0.0119926,2913.83,0.000310125
1,0.007,7,600,0.0111853,2754.34,0.000310087
1,0.007,8,700,0.0108051,2918.04,0.000310041
1,0.007,9,800,0.0115898,3083.27,0.000310096
1,0.007,10,900,0.0105924,3027.02,0.000310037
1,0.008,1,0,0.0119809,2987.7,0.000310167
1,0.008,2,100,0.0108576,3184.68,0.00031012
1,0.008,3,200,0.0112018,3288.78,0.000310116
1,0.008,4,300,0.0114701,3247.55,0.000310114
1,0.008,5,400,0.0107591,3098.47,0.000310074
1,0.008,6,500,0.0113746,3184.71,0.00031011
1,0.008,7,600,0.0116458,3115.03,0.000310172
1,0.008,8,700,0.0113637,3336.18,0.000310133
1,0.008,9,800,0.0102522,3180.54,0.000309996
1,0.008,10,900,0.0103702,3179.1,0.000310036
1,0.009,1,0,0.0104961,3327.34,0.000310039
1,0.009,2,100,0.0104388,3506.65,0.000310081
1,0.009,3,200,0.0118056,3622.96,0.000310146
1,0.009,4,300,0.010832,3411.97,0.000310109
1,0.009,5,400,0.0102235,3265.03,0.000310012
1,0.009,6,500,0.00948568,3569.8,0.000309938
1,0.009,7,600,0.0100521,3464.84,0.000310007
1,0.009,8,700,0.00952257,3315.2,0.000309998
1,0.009,9,800,0.0108082,3405.73,0.000309987
1,0.009,10,900,0.0107778,3660.32,0.000310086
1,0.01,1,0,0.0117357,3615.41,0.000310151
1,0.01,2,100,0.0112721,3502.91,0.000310155
1,0.01,3,200,0.0102973,3321.75,0.000310044
1,0.01,4,300,0.0112049,3489.4,0.000310114
1,0.01,5,400,0.00932639,3611.12,0.000309977
1,0.01,6,500,0.0107044,3720.62,0.000310083
1,0.01,7,600,0.0107053,3793.7,0.000310102
1,0.01,8,700,0.00954427,3788.13,0.000310045
1,0.01,9,800,0.0104336,3507.91,0.000310073
1,0.01,10,900,0.0109944,3512.26,0.000310149
4,0.001,1,0,0.0118763,28.9803,0.000443381
4,0.001,2,100,0.0117587,28.8235,0.000443277
4,0.001,3,200,0.0118012,28.8945,0.000443182
4,0.001,4,300,0.0122166,28.8425,0.000443371
4,0.001,5,400,0.0122031,28.0965,0.00044328
4,0.001,6,500,0.0117834,28.9341,0.000443283
4,0.001,7,600,0.0117305,28.5282,0.000443197
4,0.001,8,700,0.0119397,27.6072,0.000443269
4,0.001,9,800,0.0120256,27.8667,0.000443104
4,0.001,10,900,0.0124531,28.0146,0.000443273
4,0.002,1,0,0.0240117,37.5396,0.000446453
4,0.002,2,100,0.0234136,35.3084,0.000446308
4,0.002,3,200,0.0239926,35.8325,0.000446385
4,0.002,4,300,0.0243077,35.5411,0.000446463
4,0.002,5,400,0.024128,36.8799,0.00044652
4,0.002,6,500,0.024003,36.4145,0.000446387
4,0.002,7,600,0.0240109,34.0219,0.000446271
4,0.002,8,700,0.0238724,35.2738,0.000446588
4,0.002,9,800,0.0243798,36.1938,0.000446489
4,0.002,10,900,0.0242656,36.0369,0.000446555
4,0.003,1,0,0.0359171,70.0807,0.000449821
4,0.003,2,100,0.0359219,72.0321,0.000449802
4,0.003,3,200,0.0357201,68.3275,0.000449635
4,0.003,4,300,0.0356137,57.0312,0.000449343
4,0.003,5,400,0.0358277,68.1772,0.000449643
4,0.003,6,500,0.0361497,62.8244,0.000449578
4,0.003,7,600,0.0354436,61.4822,0.00044949
4,0.003,8,700,0.0359188,82.4508,0.000449895
4,0.003,9,800,0.0362457,72.8179,0.000449843
4,0.003,10,900,0.0365026,66.6097,0.000449775
4,0.004,1,0,0.0446649,272.626,0.000451297
4,0.004,2,100,0.0443177,297.548,0.000451279
4,0.004,3,200,0.0443819,240.913,0.000451249
4,0.004,4,300,0.0459909,187.519,0.000451379
4,0.004,5,400,0.0449935,272.129,0.000451351
4,0.004,6,500,0.0439236,326.839,0.000451288
4,0.004,7,600,0.0443898,296.597,0.000451275
4,0.004,8,700,0.0449414,294.579,0.000451354
4,0.004,9,800,0.0453681,239.359,0.000451407
4,0.004,10,900,0.0456476,249.337,0.000451398
4,0.005,1,0,0.0470608,643.388,0.000451829
4,0.005,2,100,0.0469687,560.539,0.000451768
4,0.005,3,200,0.0483016,606.931,0.000451911
4,0.005,4,300,0.047997,637.181,0.000451876
4,0.005,5,400,0.0458733,685.308,0.000451777
4,0.005,6,500,0.0470004,686.872,0.000451888
4,0.005,7,600,0.0461398,595.716,0.000451767
4,0.005,8,700,0.0455634,674.22,0.000451733
4,0.005,9,800,0.0485104,566.777,0.000451872
4,0.005,10,900,0.0474488,616.418,0.00045189
4,0.006,1,0,0.0458542,1115.55,0.000451855
4,0.006,2,100,0.0460686,1092.03,0.000451977
4,0.006,3,200,0.0456024,985.732,0.000451939
4,0.006,4,300,0.0479514,1004.39,0.000452021
4,0.006,5,400,0.0464544,1041.33,0.00045194
4,0.006,6,500,0.0468628,1027.14,0.000452042
4,0.006,7,600,0.0458468,969.256,0.000451977
4,0.006,8,700,0.0440395,1085.18,0.00045178
4,0.006,9,800,0.0476701,997.322,0.00045203
4,0.006,10,900,0.0459132,1218.27,0.000451934
4,0.007,1,0,0.0471714,1539.69,0.000452116
4,0.007,2,100,0.0442882,1393.66,0.000451858
4,0.007,3,200,0.0450525,1619.45,0.000451932
4,0.007,4,300,0.044865,1362.8,0.000451928
4,0.007,5,400,0.0436354,1355.85,0.000451736
4,0.007,6,500,0.0465642,1463.16,0.000452099
4,0.007,7,600,0.0439201,1568.12,0.000451888
4,0.007,8,700,0.045898,1546.51,0.00045196
4,0.007,9,800,0.0462595,1384.59,0.000452035
4,0.007,10,900,0.0467183,1515.41,0.00045209
4,0.008,1,0,0.045799,1849.08,0.000452049
4,0.008,2,100,0.0450877,1880.13,0.000452036
4,0.008,3,200,0.0472708,1822.05,0.000452168
4,0.008,4,300,0.0459796,1768.22,0.000452084
4,0.008,5,400,0.0444067,1878.81,0.000451973
4,0.008,6,500,0.0437799,2059.53,0.000451999
4,0.008,7,600,0.046296,1828.73,0.000452131
4,0.008,8,700,0.0445226,1797.82,0.000451918
4,0.008,9,800,0.0466224,1748.74,0.000452173
4,0.008,10,900,0.0461476,1865.6,0.000452108
4,0.009,1,0,0.0454032,2055.81,0.000452135
4,0.009,2,100,0.0437921,2158.54,0.000451995
4,0.009,3,200,0.0456354,2130.16,0.000452127
4,0.009,4,300,0.0453524,2184.73,0.000452099
4,0.009,5,400,0.0431862,2307.16,0.000451867
4,0.009,6,500,0.0435642,2230.09,0.00045198
4,0.009,7,600,0.0447548,2303.57,0.000452047
4,0.009,8,700,0.0417444,2288.75,0.000451721
4,0.009,9,800,0.0483025,1908.75,0.000452342
4,0.009,10,900,0.0451111,2083.46,0.000452125
4,0.01,1,0,0.0470734,2299.1,0.000452353
4,0.01,2,100,0.043572,2385.31,0.00045195
4,0.01,3,200,0.0456059,2346.33,0.000452132
4,0.01,4,300,0.0446493,2337.16,0.000452087
4,0.01,5,400,0.0451975,2588.43,0.00045214
4,0.01,6,500,0.0437457,2471.74,0.000452012
4,0.01,7,600,0.0455004,2322.64,0.0004522
4,0.01,8,700,0.0441858,2488.02,0.000452051
4,0.01,9,800,0.0476476,2385.28,0.000452256
4,0.01,10,900,0.0424327,2440.21,0.000451896
8,0.001,1,0,0.0114336,27.0903,0.000621344
8,0.001,2,100,0.0114227,27.1187,0.000621409
8,0.001,3,200,0.0118633,26.7264,0.000621364
8,0.001,4,300,0.0121133,27.4649,0.000621504
8,0.001,5,400,0.0123585,26.6748,0.000621591
8,0.001,6,500,0.0120551,26.8704,0.000621599
8,0.001,7,600,0.0117543,27.1269,0.000621324
8,0.001,8,700,0.0120039,26.4941,0.000621491
8,0.001,9,800,0.0119523,25.8672,0.000621171
8,0.001,10,900,0.0124735,27.3742,0.000621499
8,0.002,1,0,0.0238628,30.8377,0.00062457
8,0.002,2,100,0.0237374,31.2775,0.000624739
8,0.002,3,200,0.0240443,30.8389,0.000624512
8,0.002,4,300,0.0244527,31.0021,0.000624854
8,0.002,5,400,0.023658,31.1122,0.000624576
8,0.002,6,500,0.0241011,30.6085,0.000624496
8,0.002,7,600,0.0236545,30.4685,0.000624423
8,0.002,8,700,0.0240404,30.6466,0.00062465
8,0.002,9,800,0.0240074,30.5102,0.000624872
8,0.002,10,900,0.0242543,31.3431,0.000624807
8,0.003,1,0,0.0357743,36.7504,0.000627888
8,0.003,2,100,0.0355191,37.1944,0.000627737
8,0.003,3,200,0.0356181,37.5019,0.000627899
8,0.003,4,300,0.0361458,37.538,0.00062774
8,0.003,5,400,0.0359579,37.6543,0.000628128
8,0.003,6,500,0.0360868,36.9736,0.00062805
8,0.003,7,600,0.0353186,36.6302,0.000627816
8,0.003,8,700,0.0357387,36.7251,0.000628004
8,0.003,9,800,0.0361085,37.4968,0.000627896
8,0.003,10,900,0.0365356,37.7225,0.000627812
8,0.004,1,0,0.0484371,49.0274,0.000631689
8,0.004,2,100,0.0475126,48.5039,0.000631153
8,0.004,3,200,0.0479067,46.8875,0.00063119
8,0.004,4,300,0.0473264,45.5247,0.000630642
8,0.004,5,400,0.0475651,48.4449,0.000631272
8,0.004,6,500,0.0483563,50.1989,0.000631387
8,0.004,7,600,0.0469701,47.2381,0.000631038
8,0.004,8,700,0.0477622,48.5513,0.000631285
8,0.004,9,800,0.0470755,45.4974,0.000630777
8,0.004,10,900,0.0477023,47.3851,0.000631176
8,0.005,1,0,0.0603168,73.7021,0.000634342
8,0.005,2,100,0.0598242,70.4262,0.000634412
8,0.005,3,200,0.0601398,68.6693,0.000634446
8,0.005,4,300,0.0598559,66.7242,0.000634003
8,0.005,5,400,0.0595043,67.1686,0.000633986
8,0.005,6,500,0.0605035,69.0125,0.000634489
8,0.005,7,600,0.0593333,73.0883,0.000634537
8,0.005,8,700,0.0596866,72.2565,0.000634482
8,0.005,9,800,0.0599531,71.7188,0.000634338
8,0.005,10,900,0.0598793,69.7525,0.000634425
8,0.006,1,0,0.0716367,127.545,0.000637234
8,0.006,2,100,0.0716033,135.785,0.000637512
8,0.006,3,200,0.0717109,133.587,0.000637446
8,0.006,4,300,0.0715964,146.755,0.000637162
8,0.006,5,400,0.0708472,119.206,0.000637261
8,0.006,6,500,0.0714666,120.573,0.000637164
8,0.006,7,600,0.0714657,128.422,0.000637008
8,0.006,8,700,0.0709991,129.029,0.000637222
8,0.006,9,800,0.0723893,134.981,0.000637228
8,0.006,10,900,0.072319,142.076,0.000637441
8,0.007,1,0,0.0791411,420.736,0.000638811
8,0.007,2,100,0.0787578,386.336,0.000638895
8,0.007,3,200,0.0789405,450.405,0.000638981
8,0.007,4,300,0.0778234,398.77,0.000638463
8,0.007,5,400,0.0766671,433.231,0.000638562
8,0.007,6,500,0.0774978,383.31,0.000638952
8,0.007,7,600,0.078628,382.454,0.000639032
8,0.007,8,700,0.0783989,349.317,0.00063868
8,0.007,9,800,0.0784761,440.731,0.000639054
8,0.007,10,900,0.0804418,385.307,0.000638935
8,0.008,1,0,0.0787626,785.262,0.000639186
8,0.008,2,100,0.0798607,776.133,0.000639409
8,0.008,3,200,0.0799023,780.845,0.000639255
8,0.008,4,300,0.0802973,811.89,0.00063923
8,0.008,5,400,0.0792079,872.096,0.000639269
8,0.008,6,500,0.0802439,805.566,0.000639396
8,0.008,7,600,0.0791736,769.828,0.000639259
8,0.008,8,700,0.0797075,780.975,0.000639415
8,0.008,9,800,0.0807713,751.133,0.000639323
8,0.008,10,900,0.0805677,818.299,0.00063946
8,0.009,1,0,0.0784119,1184.34,0.000639049
8,0.009,2,100,0.0807569,1096.49,0.000639732
8,0.009,3,200,0.0799722,1216.02,0.000639452
8,0.009,4,300,0.0789023,1250.03,0.000639216
8,0.009,5,400,0.0796098,1168.85,0.00063945
8,0.009,6,500,0.0794996,1164.87,0.000639641
8,0.009,7,600,0.0817565,1101.48,0.000639761
8,0.009,8,700,0.0822951,1096.17,0.000639856
8,0.009,9,800,0.0766254,1260,0.000639202
8,0.009,10,900,0.0809145,1247.55,0.000639661
8,0.01,1,0,0.0799405,1612.74,0.00063944
8,0.01,2,100,0.0818177,1457.35,0.000639846
8,0.01,3,200,0.0799679,1589.09,0.000639378
8,0.01,4,300,0.0788741,1585.55,0.000639334
8,0.01,5,400,0.0793312,1529.51,0.00063958
8,0.01,6,500,0.0799453,1548.91,0.000639781
8,0.01,7,600,0.0779006,1595.46,0.000639401
8,0.01,8,700,0.0803138,1494.97,0.000639935
8,0.01,9,800,0.0805677,1575.13,0.000639411
8,0.01,10,900,0.0780447,1556.46,0.000639412
12,0.001,1,0,0.0117383,26.465,0.000799619
12,0.001,2,100,0.0117847,26.6783,0.000799535
12,0.001,3,200,0.011908,27.0902,0.000799589
12,0.001,4,300,0.0120252,26.6024,0.000799652
12,0.001,5,400,0.0123125,26.9208,0.000799746
12,0.001,6,500,0.0120803,26.9315,0.000799561
12,0.001,7,600,0.0118472,26.2672,0.000799535
12,0.001,8,700,0.0118611,26.5018,0.000799672
12,0.001,9,800,0.0119084,26.3507,0.000799362
12,0.001,10,900,0.0123646,26.9128,0.000799604
12,0.002,1,0,0.023816,29.6729,0.000802852
12,0.002,2,100,0.0238611,30.1804,0.000802881
12,0.002,3,200,0.0239505,30.1627,0.000802624
12,0.002,4,300,0.0239614,30.2019,0.000802982
12,0.002,5,400,0.0239987,29.7568,0.000802783
12,0.002,6,500,0.0237465,30.3013,0.000802782
12,0.002,7,600,0.0242192,30.0716,0.000802915
12,0.002,8,700,0.023612,30.3364,0.000802659
12,0.002,9,800,0.0240373,30.0633,0.000802858
12,0.002,10,900,0.0245582,30.2793,0.000803
12,0.003,1,0,0.0360148,34.4577,0.000805939
12,0.003,2,100,0.0350213,34.4858,0.000805731
12,0.003,3,200,0.0361302,35.1725,0.000806186
12,0.003,4,300,0.0360473,35.6522,0.000806004
12,0.003,5,400,0.0361428,34.9801,0.000806066
12,0.003,6,500,0.0367578,35.6081,0.000806511
12,0.003,7,600,0.0355916,34.764,0.000806046
12,0.003,8,700,0.0359149,35.4573,0.000806121
12,0.003,9,800,0.0354527,35.4082,0.000805983
12,0.003,10,900,0.0362917,35.039,0.000805954
12,0.004,1,0,0.0476892,43.4899,0.000809558
12,0.004,2,100,0.0472795,43.1794,0.000809208
12,0.004,3,200,0.0479965,42.8626,0.000809243
12,0.004,4,300,0.0480734,42.1532,0.000809066
12,0.004,5,400,0.0476758,42.1884,0.000809288
12,0.004,6,500,0.0484271,42.784,0.00080923
12,0.004,7,600,0.0476853,41.3202,0.000809257
12,0.004,8,700,0.0478173,43.1072,0.000809363
12,0.004,9,800,0.0478954,43.193,0.000809311
12,0.004,10,900,0.0486115,44.4441,0.000809647
12,0.005,1,0,0.0597734,58.611,0.000812457
12,0.005,2,100,0.0598598,62.0961,0.000812731
12,0.005,3,200,0.0607201,57.3718,0.000812826
12,0.005,4,300,0.0589358,56.0425,0.000812165
12,0.005,5,400,0.0597036,58.2249,0.000812854
12,0.005,6,500,0.0606146,60.5287,0.000812721
12,0.005,7,600,0.0597613,58.645,0.000812878
12,0.005,8,700,0.0597279,57.3985,0.000812973
12,0.005,9,800,0.0596424,55.0794,0.000812224
12,0.005,10,900,0.0608537,61.1589,0.000813046
12,0.006,1,0,0.0717339,91.16,0.000815847
12,0.006,2,100,0.0714136,97.9531,0.000815659
12,0.006,3,200,0.0725187,91.3495,0.000816102
12,0.006,4,300,0.0718407,89.2017,0.000815729
12,0.006,5,400,0.0722001,91.9254,0.000816164
12,0.006,6,500,0.0718312,91.7585,0.000815675
12,0.006,7,600,0.070974,82.8874,0.000815911
12,0.006,8,700,0.0711888,85.1969,0.000815545
12,0.006,9,800,0.0710148,93.5774,0.000815478
12,0.006,10,900,0.0733793,103.654,0.000816008
12,0.007,1,0,0.0818785,200.591,0.000818474
12,0.007,2,100,0.0814076,280.25,0.000818335
12,0.007,3,200,0.0805412,307.917,0.000818892
12,0.007,4,300,0.0816467,292.48,0.000818715
12,0.007,5,400,0.0809162,334.649,0.000818572
12,0.007,6,500,0.080671,295.412,0.000818778
12,0.007,7,600,0.0806437,294.487,0.000818105
12,0.007,8,700,0.0811432,279.344,0.000818414
12,0.007,9,800,0.0797543,254.825,0.000818068
12,0.007,10,900,0.0821753,318.232,0.000818875
12,0.008,1,0,0.0851714,548.892,0.000819915
12,0.008,2,100,0.08448,585.592,0.000820056
12,0.008,3,200,0.083099,672.779,0.000819609
12,0.008,4,300,0.0855933,658.38,0.000819742
12,0.008,5,400,0.0833672,612.498,0.00081977
12,0.008,6,500,0.0825937,626.635,0.000818967
12,0.008,7,600,0.0839171,672.914,0.000819855
12,0.008,8,700,0.0822478,686.174,0.000818737
12,0.008,9,800,0.082651,641.773,0.000819328
12,0.008,10,900,0.0824544,711.086,0.000819032
12,0.009,1,0,0.0852613,990.866,0.000820365
12,0.009,2,100,0.0811888,1109.65,0.000819367
12,0.009,3,200,0.0849939,1011.26,0.000819652
12,0.009,4,300,0.0824909,987.324,0.000819097
12,0.009,5,400,0.084605,1002.96,0.000820138
12,0.009,6,500,0.0839918,1062.38,0.000820012
12,0.009,7,600,0.0844345,970.287,0.000820144
12,0.009,8,700,0.0852309,1017.18,0.0008201
12,0.009,9,800,0.0799362,1167.91,0.000818797
12,0.009,10,900,0.0838077,1037.04,0.000819578
12,0.01,1,0,0.0833481,1367.7,0.000819788
12,0.01,2,100,0.0847127,1352.85,0.000820404
12,0.01,3,200,0.0830308,1378.85,0.000820365
12,0.01,4,300,0.0817904,1427.43,0.000819305
12,0.01,5,400,0.0830404,1473.68,0.000819874
12,0.01,6,500,0.0854501,1370.66,0.00082069
12,0.01,7,600,0.0823772,1325.29,0.000819939
12,0.01,8,700,0.084582,1437.43,0.000820169
12,0.01,9,800,0.0802891,1470.89,0.000818727
12,0.01,10,900,0.0840894,1424.71,0.000820125
16,0.001,1,0,0.0117569,26.1794,0.000977642
16,0.001,2,100,0.0117439,26.7293,0.000977793
16,0.001,3,200,0.0119266,26.4893,0.000977701
16,0.001,4,300,0.0122222,26.7241,0.000977847
16,0.001,5,400,0.0122266,26.2697,0.00097785
16,0.001,6,500,0.0119002,26.6333,0.000977773
16,0.001,7,600,0.0116233,26.4814,0.000977618
16,0.001,8,700,0.012053,26.5281,0.000977889
16,0.001,9,800,0.0120881,26.3715,0.000977768
16,0.001,10,900,0.0124197,26.2698,0.000977882
16,0.002,1,0,0.0240508,29.5025,0.000981033
16,0.002,2,100,0.0231957,29.341,0.000980946
16,0.002,3,200,0.0237552,30.3577,0.00098083
16,0.002,4,300,0.023589,29.3593,0.000980909
16,0.002,5,400,0.0240321,29.1582,0.000980974
16,0.002,6,500,0.0241606,30.0451,0.000981283
16,0.002,7,600,0.0244023,29.4904,0.000981226
16,0.002,8,700,0.0242348,29.6357,0.000981063
16,0.002,9,800,0.0239423,29.807,0.000981205
16,0.002,10,900,0.0245347,29.9941,0.000981233
16,0.003,1,0,0.0358563,34.3719,0.000984311
16,0.003,2,100,0.0352782,34.9193,0.00098409
16,0.003,3,200,0.0362092,34.5242,0.00098416
16,0.003,4,300,0.0355712,34.2732,0.000984274
16,0.003,5,400,0.0361602,35.1443,0.000984237
16,0.003,6,500,0.0362387,33.7546,0.000984599
16,0.003,7,600,0.0358181,34.5674,0.000984472
16,0.003,8,700,0.0359549,33.9922,0.000984092
16,0.003,9,800,0.0365451,34.724,0.000984316
16,0.003,10,900,0.0362569,34.4035,0.000984286
16,0.004,1,0,0.0479627,40.882,0.000987721
16,0.004,2,100,0.0477253,42.4747,0.000987126
16,0.004,3,200,0.0479288,41.7114,0.00098731
16,0.004,4,300,0.0472413,41.2041,0.00098725
16,0.004,5,400,0.0478025,40.6175,0.000987402
16,0.004,6,500,0.0479479,42.6908,0.000987538
16,0.004,7,600,0.0466458,41.6779,0.000987349
16,0.004,8,700,0.0474635,41.8663,0.000987314
16,0.004,9,800,0.0482695,42.1881,0.00098733
16,0.004,10,900,0.0476645,40.224,0.000987519
16,0.005,1,0,0.0589961,55.5817,0.000990417
16,0.005,2,100,0.0601172,55.4879,0.000990732
16,0.005,3,200,0.0604527,55.0365,0.000991215
16,0.005,4,300,0.059339,54.0119,0.000990604
16,0.005,5,400,0.0604701,56.6325,0.000991312
16,0.005,6,500,0.0599766,54.1714,0.000990618
16,0.005,7,600,0.0591979,52.2948,0.000990676
16,0.005,8,700,0.060043,56.5714,0.000990719
16,0.005,9,800,0.0595573,52.9899,0.000990817
16,0.005,10,900,0.060477,55.0423,0.000990727
16,0.006,1,0,0.0709536,88.2674,0.000993618
16,0.006,2,100,0.071401,83.8268,0.000993776
16,0.006,3,200,0.0718945,95.1527,0.000994036
16,0.006,4,300,0.0729336,100.992,0.00099389
16,0.006,5,400,0.071533,81.849,0.000993801
16,0.006,6,500,0.0717773,81.303,0.000993952
16,0.006,7,600,0.0701476,86.2949,0.000993626
16,0.006,8,700,0.0716159,90.1499,0.000994078
16,0.006,9,800,0.073066,92.4978,0.000994032
16,0.006,10,900,0.0721897,91.6395,0.000994276
16,0.007,1,0,0.0807422,287.591,0.000996709
16,0.007,2,100,0.0809688,230.078,0.000996367
16,0.007,3,200,0.0799709,361.106,0.000996662
16,0.007,4,300,0.0816419,286.002,0.00099674
16,0.007,5,400,0.0804627,265.782,0.000996812
16,0.007,6,500,0.080026,311.032,0.000996644
16,0.007,7,600,0.0815664,233.035,0.000996726
16,0.007,8,700,0.0811202,276.74,0.000996479
16,0.007,9,800,0.0803711,340.439,0.000996142
16,0.007,10,900,0.0807695,387.99,0.00099632
16,0.008,1,0,0.0831988,672.755,0.000997382
16,0.008,2,100,0.0836293,589.547,0.000997768
16,0.008,3,200,0.0838251,659.831,0.000997677
16,0.008,4,300,0.0816897,680.798,0.000997212
16,0.008,5,400,0.0821419,620.225,0.000997478
16,0.008,6,500,0.0832496,650.296,0.000997768
16,0.008,7,600,0.0838247,653.887,0.0009975
16,0.008,8,700,0.0845816,552.188,0.000997935
16,0.008,9,800,0.0826324,723.079,0.000997328
16,0.008,10,900,0.0852205,667.685,0.000997977
16,0.009,1,0,0.0850907,896.762,0.000998351
16,0.009,2,100,0.0847739,934.396,0.000998757
16,0.009,3,200,0.0836289,952.427,0.000997964
16,0.009,4,300,0.0852127,1041.11,0.000998428
16,0.009,5,400,0.082069,1068.57,0.000997806
16,0.009,6,500,0.0842431,1044.34,0.000998515
16,0.009,7,600,0.0844661,1050.82,0.000998115
16,0.009,8,700,0.085036,916.45,0.000998506
16,0.009,9,800,0.082918,1027.27,0.000997828
16,0.009,10,900,0.0813516,1231.76,0.000997532
16,0.01,1,0,0.0811884,1477.36,0.000997582
16,0.01,2,100,0.082809,1412.59,0.000998464
16,0.01,3,200,0.0829188,1342.12,0.00099754
16,0.01,4,300,0.0840538,1341.33,0.000998191
16,0.01,5,400,0.0822023,1362.12,0.000997741
16,0.01,6,500,0.0832643,1388.23,0.00099846
16,0.01,7,600,0.0818702,1501.13,0.000997625
16,0.01,8,700,0.083957,1364.22,0.000998266
16,0.01,9,800,0.0820612,1478.83,0.000997814
16,0.01,10,900,0.0829822,1440.98,0.000998198
