Channels,PIR,Run,Seed,Throughput_flits_cycle_IP,Global_Avg_Delay_cycles,Energy_J
1,0.001,1,0,0.0108446,311.904,0.000309788
1,0.001,2,100,0.0102635,416.126,0.000309731
1,0.001,3,200,0.0105022,368.435,0.000309737
1,0.001,4,300,0.0105208,348.977,0.000309795
1,0.001,5,400,0.0109588,333.388,0.000309826
1,0.001,6,500,0.0100564,382.076,0.000309721
1,0.001,7,600,0.0100516,389.074,0.000309718
1,0.001,8,700,0.0103438,504.693,0.000309791
1,0.001,9,800,0.010622,352.261,0.000309808
1,0.001,10,900,0.0104136,410.734,0.000309786
1,0.002,1,0,0.0107279,1142.95,0.000310242
1,0.002,2,100,0.0113572,1122.47,0.000310336
1,0.002,3,200,0.0119444,1121.65,0.000310418
1,0.002,4,300,0.0109479,1272.45,0.000310339
1,0.002,5,400,0.0112131,1225.89,0.000310342
1,0.002,6,500,0.0102821,1265.6,0.000310218
1,0.002,7,600,0.0100503,1507.19,0.000310237
1,0.002,8,700,0.0109275,1191.58,0.000310334
1,0.002,9,800,0.0110286,1223.85,0.000310367
1,0.002,10,900,0.0114319,1108.19,0.000310411
1,0.003,1,0,0.0095842,1815.62,0.000310371
1,0.003,2,100,0.0110985,1492.82,0.000310513
1,0.003,3,200,0.0100677,1788.84,0.000310389
1,0.003,4,300,0.0104297,1863.44,0.000310478
1,0.003,5,400,0.0103472,1871.97,0.000310469
1,0.003,6,500,0.0105091,1735.35,0.000310479
1,0.003,7,600,0.0111215,1861.03,0.00031051
1,0.003,8,700,0.00970486,1948.75,0.0003104
1,0.003,9,800,0.00998438,2029.53,0.000310425
1,0.003,10,900,0.0108359,1582.37,0.000310475
1,0.004,1,0,0.0100673,2409.51,0.000310492
1,0.004,2,100,0.0107322,2157.95,0.000310578
1,0.004,3,200,0.0107899,2099.35,0.000310585
1,0.004,4,300,0.0113134,2131.89,0.000310632
1,0.004,5,400,0.0101628,2509.98,0.000310512
1,0.004,6,500,0.0111641,2454.59,0.000310647
1,0.004,7,600,0.00931076,2438.45,0.000310413
1,0.004,8,700,0.0100278,2443.49,0.000310561
1,0.004,9,800,0.0100898,2365.24,0.000310553
1,0.004,10,900,0.00980382,2363.22,0.000310487
1,0.005,1,0,0.00966059,2630.2,0.000310526
1,0.005,2,100,0.0101003,2671.15,0.000310575
1,0.005,3,200,0.00928168,2549.11,0.000310478
1,0.005,4,300,0.0110447,2905.92,0.00031069
1,0.005,5,400,0.0100048,2881,0.00031056
1,0.005,6,500,0.0102335,2853.37,0.000310576
1,0.005,7,600,0.0085447,3141.07,0.000310369
1,0.005,8,700,0.00950694,2880.63,0.000310454
1,0.005,9,800,0.00956554,2798.23,0.000310475
1,0.005,10,900,0.0100803,2744.47,0.000310622
1,0.006,1,0,0.00904297,3165.12,0.000310514
1,0.006,2,100,0.00954905,3034.48,0.000310582
1,0.006,3,200,0.00908116,3292.41,0.000310464
1,0.006,4,300,0.00924132,3283.43,0.000310496
1,0.006,5,400,0.00941276,3135.19,0.000310498
1,0.006,6,500,0.00938151,2981.34,0.00031053
1,0.006,7,600,0.00966059,2897.54,0.000310603
1,0.006,8,700,0.00920052,3190.29,0.000310531
1,0.006,9,800,0.00881293,3220.76,0.000310503
1,0.006,10,900,0.00942187,3134.78,0.000310505
1,0.007,1,0,0.0101076,3288.01,0.000310666
1,0.007,2,100,0.00882248,3366.36,0.000310471
1,0.007,3,200,0.0095599,3505.71,0.000310562
1,0.007,4,300,0.00845356,3625.38,0.000310546
1,0.007,5,400,0.00959852,3573.83,0.000310607
1,0.007,6,500,0.00893707,3330.5,0.000310477
1,0.007,7,600,0.00998047,3353.12,0.000310686
1,0.007,8,700,0.00989323,3182.56,0.000310598
1,0.007,9,800,0.00905339,3321.45,0.000310542
1,0.007,10,900,0.00868576,3413.33,0.00031041
1,0.008,1,0,0.0102908,3421.68,0.000310656
1,0.008,2,100,0.00918837,3193.2,0.000310543
1,0.008,3,200,0.0096467,3494.91,0.000310576
1,0.008,4,300,0.00932856,3461.69,0.000310572
1,0.008,5,400,0.00948872,3497.2,0.000310585
1,0.008,6,500,0.00903776,3499.26,0.000310494
1,0.008,7,600,0.00981033,3361.71,0.000310612
1,0.008,8,700,0.00923872,3577.24,0.000310549
1,0.008,9,800,0.00973264,3626.61,0.000310624
1,0.008,10,900,0.00865408,3374.19,0.000310542
1,0.009,1,0,0.00995313,3701.77,0.000310648
1,0.009,2,100,0.00944575,3674.6,0.000310622
1,0.009,3,200,0.00922005,3575.4,0.000310545
1,0.009,4,300,0.00948481,3869.17,0.000310594
1,0.009,5,400,0.00957205,3699.13,0.000310577
1,0.009,6,500,0.00886155,3494.24,0.000310586
1,0.009,7,600,0.00829384,3988.66,0.000310424
1,0.009,8,700,0.00884332,3532.31,0.000310547
1,0.009,9,800,0.00939062,3906,0.000310576
1,0.009,10,900,0.0086875,3778.93,0.000310515
1,0.01,1,0,0.00974566,3594.91,0.000310622
1,0.01,2,100,0.00971484,3963.4,0.000310644
1,0.01,3,200,0.00934809,3895.85,0.000310604
1,0.01,4,300,0.00939931,3765.06,0.000310581
1,0.01,5,400,0.00986415,3831.06,0.000310593
1,0.01,6,500,0.00925087,3858.92,0.000310545
1,0.01,7,600,0.00898047,3770.73,0.000310481
1,0.01,8,700,0.00995443,3610.77,0.00031064
1,0.01,9,800,0.00959028,3819.06,0.000310605
1,0.01,10,900,0.00938889,3765.95,0.000310608
4,0.001,1,0,0.0117023,44.754,0.000444053
4,0.001,2,100,0.0116636,44.9615,0.000444279
4,0.001,3,200,0.0116745,44.2313,0.000443986
4,0.001,4,300,0.0119601,44.0601,0.000444285
4,0.001,5,400,0.0121667,46.148,0.000444497
4,0.001,6,500,0.0118576,44.9344,0.000444327
4,0.001,7,600,0.0117904,45.0459,0.0004443
4,0.001,8,700,0.0119961,44.8569,0.000444368
4,0.001,9,800,0.0121571,44.6445,0.000444277
4,0.001,10,900,0.0125095,45.2413,0.000444407
4,0.002,1,0,0.0243628,74.6084,0.000448643
4,0.002,2,100,0.0236055,68.5423,0.000448042
4,0.002,3,200,0.0242878,73.7542,0.00044869
4,0.002,4,300,0.0237504,69.4116,0.000448415
4,0.002,5,400,0.023852,74.3844,0.000448845
4,0.002,6,500,0.024174,73.3862,0.000448826
4,0.002,7,600,0.0239557,74.6593,0.000448652
4,0.002,8,700,0.0237973,72.7199,0.00044845
4,0.002,9,800,0.0241437,74.3838,0.000448551
4,0.002,10,900,0.0239536,67.9807,0.00044842
4,0.003,1,0,0.0329857,398.078,0.000451627
4,0.003,2,100,0.0322548,399.36,0.000451638
4,0.003,3,200,0.0329774,452.836,0.000451792
4,0.003,4,300,0.0323694,400.73,0.000451632
4,0.003,5,400,0.0326081,478.573,0.000451668
4,0.003,6,500,0.0329323,436.119,0.000451753
4,0.003,7,600,0.0319818,435.066,0.00045141
4,0.003,8,700,0.0319848,468.587,0.00045159
4,0.003,9,800,0.0322083,477.034,0.00045173
4,0.003,10,900,0.0323034,451.756,0.000451612
4,0.004,1,0,0.0332595,962.401,0.000452219
4,0.004,2,100,0.0341102,1092.79,0.00045228
4,0.004,3,200,0.0337509,1054.03,0.000452289
4,0.004,4,300,0.0320534,1175.31,0.000452027
4,0.004,5,400,0.0332821,1195.68,0.000452143
4,0.004,6,500,0.0320946,1249.68,0.000452104
4,0.004,7,600,0.0333056,1103.7,0.000452225
4,0.004,8,700,0.0341437,1090.89,0.000452298
4,0.004,9,800,0.0338746,1210.8,0.000452301
4,0.004,10,900,0.0332713,1079.46,0.000452179
4,0.005,1,0,0.0348147,1604.03,0.00045267
4,0.005,2,100,0.0337656,1639.47,0.000452383
4,0.005,3,200,0.0343381,1639.84,0.000452644
4,0.005,4,300,0.0337552,1663.05,0.00045254
4,0.005,5,400,0.032806,1662.95,0.00045224
4,0.005,6,500,0.0346497,1652.4,0.000452646
4,0.005,7,600,0.0332921,1694.77,0.000452501
4,0.005,8,700,0.0338459,1569.14,0.000452511
4,0.005,9,800,0.0335755,1544.09,0.000452459
4,0.005,10,900,0.0342808,1659.29,0.00045243
4,0.006,1,0,0.0340942,2150.29,0.000452714
4,0.006,2,100,0.0338138,2007.61,0.000452603
4,0.006,3,200,0.033862,2196.83,0.0004525
4,0.006,4,300,0.035441,2085.01,0.000452744
4,0.006,5,400,0.0346319,2089.77,0.000452696
4,0.006,6,500,0.0338242,2073.73,0.000452596
4,0.006,7,600,0.0341072,2138.03,0.000452654
4,0.006,8,700,0.033424,2151.18,0.000452496
4,0.006,9,800,0.0333199,2166.47,0.000452387
4,0.006,10,900,0.0335525,2233.97,0.000452661
4,0.007,1,0,0.0329779,2569.35,0.00045243
4,0.007,2,100,0.0339961,2409.82,0.000452675
4,0.007,3,200,0.0339939,2339.17,0.000452541
4,0.007,4,300,0.0335425,2517.82,0.000452489
4,0.007,5,400,0.0339987,2415.11,0.000452558
4,0.007,6,500,0.033543,2481.12,0.000452555
4,0.007,7,600,0.0336406,2466.51,0.000452638
4,0.007,8,700,0.0336806,2454.7,0.000452672
4,0.007,9,800,0.0335516,2297.03,0.000452631
4,0.007,10,900,0.0332483,2534.12,0.000452701
4,0.008,1,0,0.0347609,2757.97,0.000452877
4,0.008,2,100,0.0341345,2729.68,0.000452425
4,0.008,3,200,0.0341115,2639.74,0.000452707
4,0.008,4,300,0.032737,2786.88,0.000452434
4,0.008,5,400,0.0343151,2812.39,0.00045281
4,0.008,6,500,0.0349874,2687.34,0.000452855
4,0.008,7,600,0.0349132,2667.97,0.000452776
4,0.008,8,700,0.0330451,2875.72,0.000452538
4,0.008,9,800,0.0331528,2760.92,0.000452492
4,0.008,10,900,0.033342,2910.41,0.000452607
4,0.009,1,0,0.0332201,3037.85,0.000452633
4,0.009,2,100,0.0359948,2858.7,0.000452983
4,0.009,3,200,0.0342574,3084.32,0.00045275
4,0.009,4,300,0.0340482,3005.36,0.000452613
4,0.009,5,400,0.033411,3046.05,0.000452629
4,0.009,6,500,0.0345829,3011.35,0.000452807
4,0.009,7,600,0.035276,2851.63,0.000452968
4,0.009,8,700,0.0342378,3054.12,0.000452875
4,0.009,9,800,0.0337752,2963.34,0.000452675
4,0.009,10,900,0.0328368,3011.23,0.000452495
4,0.01,1,0,0.0333173,3222.06,0.000452672
4,0.01,2,100,0.034862,3165.07,0.000452857
4,0.01,3,200,0.0342808,3293.01,0.000452717
4,0.01,4,300,0.0347309,3076.45,0.000452887
4,0.01,5,400,0.0334171,3285.27,0.000452602
4,0.01,6,500,0.0351302,3194.58,0.000452851
4,0.01,7,600,0.0342669,3271.29,0.000452862
4,0.01,8,700,0.0348872,3161.12,0.000452691
4,0.01,9,800,0.0341224,3270.82,0.000452761
4,0.01,10,900,0.0343238,3225.13,0.000452813
8,0.001,1,0,0.011977,42.6816,0.000622313
8,0.001,2,100,0.0116853,42.5267,0.000622212
8,0.001,3,200,0.0118772,43.3608,0.000622463
8,0.001,4,300,0.0121137,43.0629,0.000622425
8,0.001,5,400,0.0120673,43.1839,0.00062255
8,0.001,6,500,0.011931,43.0852,0.000622384
8,0.001,7,600,0.011638,42.4783,0.000622571
8,0.001,8,700,0.0118728,43.2866,0.000622581
8,0.001,9,800,0.0121124,43.3141,0.000622401
8,0.001,10,900,0.0124683,42.7841,0.000622623
8,0.002,1,0,0.0242582,57.1609,0.000626913
8,0.002,2,100,0.0235512,55.8875,0.000626548
8,0.002,3,200,0.0240317,56.6839,0.000626638
8,0.002,4,300,0.0240217,57.3187,0.000626715
8,0.002,5,400,0.0236719,55.3412,0.00062678
8,0.002,6,500,0.0243008,61.6572,0.00062709
8,0.002,7,600,0.0240634,61.2645,0.000627065
8,0.002,8,700,0.0236944,58.9758,0.000626798
8,0.002,9,800,0.0244896,56.7848,0.000627082
8,0.002,10,900,0.0236324,55.4764,0.000626765
8,0.003,1,0,0.0329874,306.241,0.000630166
8,0.003,2,100,0.0337305,264.607,0.00063059
8,0.003,3,200,0.0336011,283.789,0.000630579
8,0.003,4,300,0.031717,324.045,0.000630132
8,0.003,5,400,0.0331853,353.5,0.000630709
8,0.003,6,500,0.0340087,297.248,0.000630838
8,0.003,7,600,0.0334779,285.812,0.000630309
8,0.003,8,700,0.0322587,405.355,0.000630167
8,0.003,9,800,0.0338451,219.122,0.000630555
8,0.003,10,900,0.0333711,346.552,0.00063057
8,0.004,1,0,0.0356832,742.576,0.000631709
8,0.004,2,100,0.0356272,753.606,0.000631668
8,0.004,3,200,0.0357565,882.285,0.000631633
8,0.004,4,300,0.0358872,874.786,0.00063196
8,0.004,5,400,0.0345247,872.817,0.000631644
8,0.004,6,500,0.0345608,810.266,0.000631562
8,0.004,7,600,0.035487,835.076,0.000631597
8,0.004,8,700,0.0355551,974.64,0.000631868
8,0.004,9,800,0.0341033,877.753,0.000631278
8,0.004,10,900,0.0351246,895.664,0.000631694
8,0.005,1,0,0.0345282,1426.95,0.000631682
8,0.005,2,100,0.0359301,1320.32,0.00063205
8,0.005,3,200,0.0361207,1353.35,0.000632405
8,0.005,4,300,0.0340052,1408.68,0.000631682
8,0.005,5,400,0.0350768,1342.45,0.000631932
8,0.005,6,500,0.0384119,1160.74,0.000633152
8,0.005,7,600,0.0348216,1280.74,0.000631993
8,0.005,8,700,0.0350221,1502.48,0.000631961
8,0.005,9,800,0.0358785,1404.28,0.000632301
8,0.005,10,900,0.0357526,1270.15,0.000632161
8,0.006,1,0,0.0382643,1564.5,0.000633074
8,0.006,2,100,0.0378333,1671.51,0.000633154
8,0.006,3,200,0.0362114,1682.45,0.000632504
8,0.006,4,300,0.0366819,1686.52,0.000632816
8,0.006,5,400,0.0379271,1578.61,0.00063309
8,0.006,6,500,0.0373155,1730.69,0.000633083
8,0.006,7,600,0.0359397,1670.04,0.00063214
8,0.006,8,700,0.0373646,1691.59,0.000632957
8,0.006,9,800,0.0365543,1473.28,0.000632613
8,0.006,10,900,0.0361623,1746.19,0.000632649
8,0.007,1,0,0.0372847,1929,0.000633202
8,0.007,2,100,0.038286,1896.03,0.000633277
8,0.007,3,200,0.036582,2119.46,0.000632612
8,0.007,4,300,0.0373958,2151.93,0.000632831
8,0.007,5,400,0.037418,2020.36,0.000633086
8,0.007,6,500,0.037796,1923.76,0.000632967
8,0.007,7,600,0.0369201,1992.31,0.00063264
8,0.007,8,700,0.0377205,1963.47,0.000632811
8,0.007,9,800,0.0373976,1991.12,0.000633019
8,0.007,10,900,0.0369614,2044.06,0.000632858
8,0.008,1,0,0.0381411,2331.21,0.000633225
8,0.008,2,100,0.0358715,2459.78,0.000632161
8,0.008,3,200,0.0381823,2317.17,0.000633234
8,0.008,4,300,0.0373628,2259.97,0.000632955
8,0.008,5,400,0.0379466,2248.18,0.00063306
8,0.008,6,500,0.037691,2249,0.000633218
8,0.008,7,600,0.0365959,2238.35,0.000632841
8,0.008,8,700,0.0381181,2275.4,0.000633236
8,0.008,9,800,0.0387999,2261.87,0.000633566
8,0.008,10,900,0.0374293,2241.74,0.000633136
8,0.009,1,0,0.0386233,2397.94,0.000633255
8,0.009,2,100,0.0385681,2503.88,0.000633512
8,0.009,3,200,0.0375043,2480.01,0.000632929
8,0.009,4,300,0.0375846,2503.55,0.000633077
8,0.009,5,400,0.0380712,2417.6,0.000633478
8,0.009,6,500,0.037451,2483.42,0.000633327
8,0.009,7,600,0.0378832,2548.29,0.000633085
8,0.009,8,700,0.0382617,2326.93,0.000633402
8,0.009,9,800,0.0384709,2564.63,0.000633421
8,0.009,10,900,0.0373299,2544.54,0.000633179
8,0.01,1,0,0.0371528,2665.32,0.000633004
8,0.01,2,100,0.0380174,2697.21,0.000633364
8,0.01,3,200,0.0402483,2574.81,0.000634112
8,0.01,4,300,0.0398954,2780.05,0.000633885
8,0.01,5,400,0.0383989,2446.78,0.000633343
8,0.01,6,500,0.0400425,2590.13,0.000634143
8,0.01,7,600,0.0393555,2602.69,0.000633811
8,0.01,8,700,0.03798,2818.85,0.000633154
8,0.01,9,800,0.0381324,2786.69,0.000633062
8,0.01,10,900,0.038576,2701.99,0.000633826
12,0.001,1,0,0.0117127,42.4133,0.000800434
12,0.001,2,100,0.0114145,42.7006,0.000800525
12,0.001,3,200,0.0120482,42.9667,0.000800563
12,0.001,4,300,0.012464,43.2219,0.00080101
12,0.001,5,400,0.0122036,41.8621,0.000800763
12,0.001,6,500,0.0118546,42.8927,0.000800649
12,0.001,7,600,0.0117266,42.2621,0.000800565
12,0.001,8,700,0.0116957,42.3372,0.000800653
12,0.001,9,800,0.0121042,42.9923,0.000800723
12,0.001,10,900,0.0124045,42.4964,0.000800928
12,0.002,1,0,0.0240855,56.5978,0.000805003
12,0.002,2,100,0.0233924,58.2714,0.000804805
12,0.002,3,200,0.0239579,56.2188,0.000804965
12,0.002,4,300,0.0240885,59.3624,0.000805021
12,0.002,5,400,0.0238281,57.2873,0.000804911
12,0.002,6,500,0.0239188,54.7707,0.000804857
12,0.002,7,600,0.0236102,55.6851,0.000804829
12,0.002,8,700,0.0238676,55.4758,0.000805043
12,0.002,9,800,0.0239466,52.681,0.00080495
12,0.002,10,900,0.0244128,58.4362,0.000805168
12,0.003,1,0,0.0335469,235.627,0.000808607
12,0.003,2,100,0.0334171,303.387,0.000808696
12,0.003,3,200,0.0335838,246.687,0.000809147
12,0.003,4,300,0.0335651,359.624,0.000808714
12,0.003,5,400,0.0340087,283.951,0.000809055
12,0.003,6,500,0.0331367,319.983,0.000808411
12,0.003,7,600,0.0330161,318.636,0.000808434
12,0.003,8,700,0.0323082,416.55,0.000808454
12,0.003,9,800,0.0322613,335.672,0.000808303
12,0.003,10,900,0.0325048,327.185,0.000808442
12,0.004,1,0,0.0349162,810.622,0.000809851
12,0.004,2,100,0.0364306,614.413,0.000810539
12,0.004,3,200,0.0353872,878.431,0.000809642
12,0.004,4,300,0.033704,855.937,0.000809371
12,0.004,5,400,0.0359505,731.915,0.000809811
12,0.004,6,500,0.0352253,843.21,0.000809766
12,0.004,7,600,0.0349214,887.709,0.000809938
12,0.004,8,700,0.0347552,854.94,0.000809655
12,0.004,9,800,0.0357682,758.095,0.000810017
12,0.004,10,900,0.0343997,947.904,0.000809592
12,0.005,1,0,0.0373398,1304.25,0.000811438
12,0.005,2,100,0.0373924,1141.68,0.000810885
12,0.005,3,200,0.037046,1272.39,0.000810727
12,0.005,4,300,0.0368277,1136.57,0.000811034
12,0.005,5,400,0.0359779,1364.08,0.000810285
12,0.005,6,500,0.0364484,1240.45,0.000810575
12,0.005,7,600,0.0356393,1280.3,0.000810433
12,0.005,8,700,0.0343741,1369.6,0.000810187
12,0.005,9,800,0.0372426,1131.23,0.000810967
12,0.005,10,900,0.0365621,1180.45,0.000810616
12,0.006,1,0,0.0371359,1649.07,0.000811159
12,0.006,2,100,0.0371788,1624.24,0.000811083
12,0.006,3,200,0.0363589,1594.91,0.000810607
12,0.006,4,300,0.0361419,1731.78,0.00081076
12,0.006,5,400,0.036829,1567.24,0.000810974
12,0.006,6,500,0.0370868,1635.99,0.000810673
12,0.006,7,600,0.0368641,1489.06,0.000811005
12,0.006,8,700,0.03849,1652.15,0.000811574
12,0.006,9,800,0.0362617,1678.27,0.000810893
12,0.006,10,900,0.0373971,1693.52,0.000811362
12,0.007,1,0,0.0375707,1902.46,0.000811384
12,0.007,2,100,0.0372934,2042.47,0.000810833
12,0.007,3,200,0.0365786,2052.26,0.0008106
12,0.007,4,300,0.036151,2078.27,0.000810695
12,0.007,5,400,0.0378655,1998.27,0.000811255
12,0.007,6,500,0.0360677,2006.14,0.000810635
12,0.007,7,600,0.0379258,1983.34,0.000811398
12,0.007,8,700,0.0379145,1888.63,0.000811553
12,0.007,9,800,0.0357031,2043.11,0.00081062
12,0.007,10,900,0.0365082,2044.5,0.000810797
12,0.008,1,0,0.0378264,2174.34,0.000811543
12,0.008,2,100,0.0374748,2174.36,0.000811173
12,0.008,3,200,0.039102,2260.54,0.000811959
12,0.008,4,300,0.0379809,2240.91,0.000811301
12,0.008,5,400,0.0373537,2262.35,0.000810793
12,0.008,6,500,0.0382339,2106.77,0.000811709
12,0.008,7,600,0.0373568,2221.92,0.000811345
12,0.008,8,700,0.0379497,2119.48,0.000811365
12,0.008,9,800,0.0369583,2345.52,0.000811373
12,0.008,10,900,0.0358199,2482.31,0.000810687
12,0.009,1,0,0.0392235,2385.68,0.000811766
12,0.009,2,100,0.0370399,2491.98,0.000811173
12,0.009,3,200,0.0370903,2372.82,0.000811
12,0.009,4,300,0.0394392,2371.13,0.000812244
12,0.009,5,400,0.0383138,2415.95,0.000811798
12,0.009,6,500,0.0368841,2392.11,0.000811354
12,0.009,7,600,0.037997,2637.87,0.000811482
12,0.009,8,700,0.0384575,2433.23,0.000811705
12,0.009,9,800,0.0380139,2462.49,0.000811433
12,0.009,10,900,0.0380074,2584.37,0.000811737
12,0.01,1,0,0.0381845,2644.92,0.000811792
12,0.01,2,100,0.0365386,2916.6,0.000810927
12,0.01,3,200,0.0374766,2564.33,0.000811441
12,0.01,4,300,0.0378333,2771.08,0.00081169
12,0.01,5,400,0.0386267,2720.98,0.000811993
12,0.01,6,500,0.0384718,2890.7,0.000811526
12,0.01,7,600,0.03852,2760.57,0.000811844
12,0.01,8,700,0.0390208,2572.63,0.000812082
12,0.01,9,800,0.0359666,2868.26,0.000810986
12,0.01,10,900,0.0374818,2571.64,0.000811458
16,0.001,1,0,0.0118116,42.0811,0.000978765
16,0.001,2,100,0.0116957,41.9573,0.000978709
16,0.001,3,200,0.0118468,42.4928,0.000978614
16,0.001,4,300,0.0122205,42.3754,0.000978815
16,0.001,5,400,0.0122374,42.8298,0.000978883
16,0.001,6,500,0.0118741,42.252,0.000978963
16,0.001,7,600,0.0120373,42.0918,0.000979009
16,0.001,8,700,0.0119388,42.1308,0.000978931
16,0.001,9,800,0.0121979,42.6704,0.000978879
16,0.001,10,900,0.0125642,42.6243,0.000979055
16,0.002,1,0,0.0245425,54.0696,0.000983018
16,0.002,2,100,0.0240508,53.181,0.000983078
16,0.002,3,200,0.0241593,57.6613,0.000983189
16,0.002,4,300,0.0240178,54.3077,0.000983188
16,0.002,5,400,0.0239288,57.3788,0.000983489
16,0.002,6,500,0.0240938,56.8881,0.00098309
16,0.002,7,600,0.0239245,53.4046,0.000983164
16,0.002,8,700,0.0239614,53.821,0.000983248
16,0.002,9,800,0.0243524,66.4254,0.000983051
16,0.002,10,900,0.0240395,55.5897,0.000983312
16,0.003,1,0,0.0337062,320.482,0.000987026
16,0.003,2,100,0.03227,312.624,0.000986553
16,0.003,3,200,0.0331046,304.775,0.000986997
16,0.003,4,300,0.0331094,307.722,0.000986558
16,0.003,5,400,0.0341081,299.526,0.000987452
16,0.003,6,500,0.0336432,248.704,0.000986933
16,0.003,7,600,0.0334345,369.824,0.000986915
16,0.003,8,700,0.0331576,289.395,0.000986862
16,0.003,9,800,0.0331319,352.78,0.000986874
16,0.003,10,900,0.0327187,314.036,0.000986706
16,0.004,1,0,0.0347626,856.284,0.000988123
16,0.004,2,100,0.0364149,692.806,0.000988379
16,0.004,3,200,0.0354757,773.529,0.000987781
16,0.004,4,300,0.0339874,864.712,0.000987917
16,0.004,5,400,0.034829,952.569,0.000987774
16,0.004,6,500,0.0349991,878.438,0.000987927
16,0.004,7,600,0.0345608,770.439,0.000987862
16,0.004,8,700,0.0350178,823.3,0.000988105
16,0.004,9,800,0.0344701,811.088,0.00098786
16,0.004,10,900,0.0348377,860.568,0.000988274
16,0.005,1,0,0.0356059,1211.56,0.000988733
16,0.005,2,100,0.0352331,1332.97,0.000988464
16,0.005,3,200,0.0372387,1180.1,0.000988934
16,0.005,4,300,0.0355269,1337.34,0.000988524
16,0.005,5,400,0.0362613,1436.54,0.000988938
16,0.005,6,500,0.0365126,1203.93,0.000988661
16,0.005,7,600,0.0350295,1195.34,0.000988415
16,0.005,8,700,0.0363255,1253.21,0.000989029
16,0.005,9,800,0.0370321,1175.23,0.00098915
16,0.005,10,900,0.0363984,1190.72,0.000989379
16,0.006,1,0,0.0368299,1600.45,0.000988854
16,0.006,2,100,0.0366992,1733.65,0.000989272
16,0.006,3,200,0.0374036,1776.67,0.000989615
16,0.006,4,300,0.0371966,1648.84,0.000989188
16,0.006,5,400,0.0363503,1624.86,0.000988836
16,0.006,6,500,0.0353173,1739.41,0.000988812
16,0.006,7,600,0.0366897,1661.88,0.000988989
16,0.006,8,700,0.0373793,1637.93,0.000989251
16,0.006,9,800,0.0367083,1504.33,0.000989197
16,0.006,10,900,0.0353915,1739.86,0.000988604
16,0.007,1,0,0.0388234,1930.17,0.000989952
16,0.007,2,100,0.0365668,1812.36,0.00098904
16,0.007,3,200,0.0368338,1991.69,0.000988929
16,0.007,4,300,0.0357201,1955.87,0.00098875
16,0.007,5,400,0.0370273,1939.79,0.00098913
16,0.007,6,500,0.0353056,2025.73,0.00098871
16,0.007,7,600,0.0356489,2097.98,0.000988694
16,0.007,8,700,0.0366506,1914.31,0.000989472
16,0.007,9,800,0.0372513,1953.04,0.000989467
16,0.007,10,900,0.0373681,2079.7,0.000989273
16,0.008,1,0,0.0377795,2288.67,0.000990207
16,0.008,2,100,0.037112,2342.67,0.000989137
16,0.008,3,200,0.0385838,1983.47,0.000990235
16,0.008,4,300,0.037174,2319.48,0.000989453
16,0.008,5,400,0.0387695,2243.57,0.00098999
16,0.008,6,500,0.0389297,2162.41,0.00099042
16,0.008,7,600,0.0358225,2268.77,0.000988915
16,0.008,8,700,0.0366059,2283.49,0.000989204
16,0.008,9,800,0.0371337,2250.82,0.000989465
16,0.008,10,900,0.0366076,2380.92,0.000989148
16,0.009,1,0,0.0374167,2631.41,0.000989256
16,0.009,2,100,0.0377461,2469.45,0.000989715
16,0.009,3,200,0.037171,2423.05,0.000989217
16,0.009,4,300,0.037214,2465.95,0.000989756
16,0.009,5,400,0.0388546,2584.76,0.000990208
16,0.009,6,500,0.0380612,2472.59,0.000990018
16,0.009,7,600,0.0372188,2579.67,0.000989516
16,0.009,8,700,0.0391233,2438.77,0.000990572
16,0.009,9,800,0.0378325,2535.78,0.000989434
16,0.009,10,900,0.0385638,2417.6,0.000989844
16,0.01,1,0,0.037349,2635.87,0.000989485
16,0.01,2,100,0.0387561,2581.5,0.000990112
16,0.01,3,200,0.0383668,2723.81,0.000989597
16,0.01,4,300,0.0380985,2837.2,0.000989638
16,0.01,5,400,0.0373212,2598.78,0.000989446
16,0.01,6,500,0.0383802,2690.77,0.000989966
16,0.01,7,600,0.039737,2496.05,0.000990961
16,0.01,8,700,0.037089,2730.69,0.000989492
16,0.01,9,800,0.0378038,2733.04,0.000989594
16,0.01,10,900,0.0400781,2767.14,0.00099075
